#threads,exec_time,speedup
1S,6.408305,1
1,6.792897,.943383
2,3.668516,1.746838
3,2.592255,2.472096
4,2.215530,2.892447
