#threads,exec_time,speedup
1S,11.645520,1
1,11.247378,1.035398
2,6.305959,1.846748
3,5.798919,2.008222
4,5.121335,2.273922
