#threads,exec_time,speedup
1S,6.818605,1
1,6.150389,1.108646
2,4.586237,1.486753
3,4.956831,1.375597
4,4.266713,1.598093
