#threads,exec_time,speedup
1S,6.454833,1
1,6.145413,1.050349
2,4.364687,1.478876
3,3.683777,1.752232
4,3.726916,1.731950
