#threads,exec_time,speedup
1S,6.720878,1
1,6.249983,1.075343
2,5.108473,1.315633
3,4.994785,1.345579
4,4.449130,1.510604
