#threads,exec_time,speedup
1S,6.500989,1
1,6.191349,1.050011
2,6.676079,.973773
3,3.675337,1.768814
4,4.028042,1.613932
