#threads,exec_time,speedup
1S,9.895428,1
1,7.238464,1.367061
2,5.898237,1.677692
3,4.686463,2.111491
4,4.434360,2.231534
