#threads,exec_time,speedup
1S,6.338487,1
1,7.230352,.876649
2,3.891874,1.628646
3,2.812269,2.253869
4,2.435244,2.602813
