#threads,exec_time,speedup
1S,7.155697,1
1,6.180890,1.157713
2,4.964205,1.441458
3,4.510854,1.586328
4,4.230385,1.691500
