#threads,exec_time,speedup
1S,8.798935,1
1,6.482155,1.357408
2,6.743275,1.304845
3,3.681057,2.390328
4,4.332104,2.031099
