#threads,exec_time,speedup
1S,10.474765,1
1,10.149139,1.032084
2,5.306749,1.973857
3,5.388287,1.943987
4,4.346239,2.410075
