#threads,exec_time,speedup
1S,13.099627,1
1,7.401209,1.769930
2,5.448887,2.404092
3,5.159661,2.538854
4,5.025123,2.606827
