#threads,exec_time,speedup
1S,8.425152,1
1,6.188719,1.361372
2,4.894819,1.721238
3,3.294505,2.557334
4,4.097773,2.056031
