#threads,exec_time,speedup
1S,11.388465,1
1,9.862193,1.154759
2,5.044018,2.257816
3,3.659992,3.111609
4,4.440449,2.564710
