#threads,exec_time,speedup
1S,9.117545,1
1,7.985302,1.141790
2,7.024966,1.297877
3,4.571919,1.994249
4,3.236466,2.817129
