#threads,exec_time,speedup
1S,0.032834,1
1,0.031336,1.047804
2,0.020286,1.618554
3,0.015315,2.143911
4,0.015403,2.131662
