#threads,exec_time,speedup
1S,7.351953,1
1,6.151667,1.195115
2,3.383525,2.172867
3,3.226304,2.278753
4,2.975911,2.470488
5,3.605666,2.039000
6,2.424518,3.032335
7,3.989716,1.842725
8,3.441398,2.136327
