#threads,exec_time,speedup
1S,1.585924,1
1,1.560910,1.016025
2,0.828042,1.915269
3,0.595648,2.662518
4,0.451755,3.510584
