#threads,exec_time,speedup
1S,0.038402,1
1,0.039554,.970875
2,0.022614,1.698151
3,0.016311,2.354362
4,0.013340,2.878710
