#threads,exec_time,speedup
1S,6.679459,1
1,7.153909,.933679
2,3.793557,1.760737
3,2.784772,2.398565
4,2.175494,3.070318
