#threads,exec_time,speedup
1S,3.683765,1
1,3.681311,1.000666
2,2.034963,1.810236
3,1.602928,2.298147
4,1.417133,2.599449
