#threads,exec_time,speedup
1S,0.215435,1
1,0.215750,.998539
2,0.128237,1.679975
3,0.093130,2.313271
4,0.074284,2.900153
