#threads,exec_time,speedup
1S,0.899676,1
1,0.897739,1.002157
2,0.481887,1.866985
3,0.394807,2.278774
4,0.300313,2.995794
