#threads,exec_time,speedup
1S,0.050965,1
1,0.051371,.992096
2,0.030719,1.659070
3,0.024537,2.077067
4,0.024573,2.074024
