#threads,exec_time,speedup
1S,0.108969,1
1,0.109838,.992088
2,0.067067,1.624778
3,0.050682,2.150053
4,0.048229,2.259408
