#threads,exec_time,speedup
1S,0.014112,1
1,0.013774,1.024538
2,0.007909,1.784296
3,0.006701,2.105954
4,0.005825,2.422660
