#threads,exec_time,speedup
1S,13.406826,1
1,13.655693,.981775
2,7.047823,1.902264
3,5.005152,2.678605
4,4.151220,3.229611
