#threads,exec_time,speedup
1S,0.022731,1
1,0.022466,1.011795
2,0.012524,1.814995
3,0.009607,2.366087
4,0.007699,2.952461
