#threads,exec_time,speedup
1S,0.790767,1
1,0.762076,1.037648
2,0.407258,1.941685
3,0.299901,2.636760
4,0.237535,3.329054
