#threads,exec_time,speedup
1S,0.078228,1
1,0.079164,.988176
2,0.045491,1.719636
3,0.031610,2.474786
4,0.033189,2.357046
