#threads,exec_time,speedup
1S,0.436654,1
1,0.436364,1.000664
2,0.225178,1.939150
3,0.184315,2.369063
4,0.190381,2.293579
