#threads,exec_time,speedup
1S,0.440497,1
1,0.441685,.997310
2,0.255699,1.722716
3,0.186198,2.365745
4,0.179939,2.448035
