#threads,exec_time,speedup
1S,6.664894,1
1,7.920887,.841432
2,5.228814,1.274647
3,4.993374,1.334747
4,4.079335,1.633818
