#threads,exec_time,speedup
1S,0.742669,1
1,0.790732,.939217
2,0.387576,1.916189
3,0.337302,2.201792
4,0.295016,2.517385
