#threads,exec_time,speedup
1S,7.595378,1
1,7.571137,1.003201
2,4.129412,1.839336
3,3.334460,2.277843
4,2.555588,2.972066
