#threads,exec_time,speedup
1S,0.438320,1
1,0.438830,.998837
2,0.250284,1.751290
3,0.187407,2.338866
4,0.158938,2.757804
