#threads,exec_time,speedup
1S,165.417237,1
1,166.079610,.996011
2,86.576761,1.910642
3,59.365115,2.786438
4,46.810800,3.533740
