#threads,exec_time,speedup
1S,0.060853,1
1,0.061596,.987937
2,0.035651,1.706908
3,0.028059,2.168751
4,0.019890,3.059477
