#threads,exec_time,speedup
1S,0.030786,1
1,0.031565,.975320
2,0.021239,1.449503
3,0.016448,1.871716
4,0.014600,2.108630
