#threads,exec_time,speedup
1S,0.012889,1
1,0.014917,.864047
2,0.008741,1.474545
3,0.006599,1.953174
4,0.007041,1.830563
