#threads,exec_time,speedup
1S,0.060622,1
1,0.061450,.986525
2,0.036143,1.677281
3,0.027762,2.183632
4,0.026311,2.304055
