#threads,exec_time,speedup
1S,0.015093,1
1,0.015875,.950740
2,0.010721,1.407797
3,0.007912,1.907608
4,0.007618,1.981228
