#threads,exec_time,speedup
1S,5.265970,1
1,4.610580,1.142149
2,3.369277,1.562937
3,2.219468,2.372627
4,2.456483,2.143703
