#threads,exec_time,speedup
1S,0.027142,1
1,0.027047,1.003512
2,0.017021,1.594618
3,0.012878,2.107625
4,0.012531,2.165988
