#threads,exec_time,speedup
1S,0.038282,1
1,0.037256,1.027539
2,0.021616,1.771002
3,0.015662,2.444259
4,0.012918,2.963461
