#threads,exec_time,speedup
1S,0.044479,1
1,0.045016,.988070
2,0.024715,1.799676
3,0.019456,2.286132
4,0.016884,2.634387
