#threads,exec_time,speedup
1S,0.237306,1
1,0.234818,1.010595
2,0.129961,1.825978
3,0.086919,2.730197
4,0.086705,2.736935
