#threads,exec_time,speedup
1S,0.053744,1
1,0.054566,.984935
2,0.034470,1.559152
3,0.027050,1.986839
4,0.023128,2.323763
