#threads,exec_time,speedup
1S,0.044569,1
1,0.045384,.982042
2,0.024549,1.815511
3,0.022011,2.024851
4,0.015713,2.836441
