#threads,exec_time,speedup
1S,0.029790,1
1,0.030335,.982033
2,0.019197,1.551804
3,0.015180,1.962450
4,0.012512,2.380914
