#threads,exec_time,speedup
1S,6.987106,1
1,7.102729,.983721
2,3.753171,1.861654
