#threads,exec_time,speedup
1S,8.679037,1
1,8.415559,1.031308
2,5.604196,1.548667
