#threads,exec_time,speedup
1S,7.214878,1
1,5.199905,1.387501
2,3.698266,1.950881
3,3.263655,2.210674
4,2.532083,2.849384
