#threads,exec_time,speedup
1S,0.083388,1
1,0.079714,1.046089
2,0.046210,1.804544
3,0.033209,2.511006
4,0.032172,2.591943
