#threads,exec_time,speedup
1S,0.259428,1
1,0.412357,.629134
2,0.283914,.913755
3,0.181386,1.430253
4,0.179399,1.446095
