#threads,exec_time,speedup
1S,0.060859,1
1,0.061275,.993210
2,0.037046,1.642795
3,0.030715,1.981409
4,0.027845,2.185634
