#threads,exec_time,speedup
1S,0.026252,1
1,0.027800,.944316
2,0.018574,1.413373
3,0.013235,1.983528
4,0.010896,2.409324
