#threads,exec_time,speedup
1S,0.425618,1
1,0.421494,1.009784
2,0.225921,1.883924
3,0.172603,2.465878
4,0.149631,2.844450
