#threads,exec_time,speedup
1S,0.044627,1
1,0.045264,.985927
2,0.024289,1.837333
3,0.019102,2.336247
4,0.015089,2.957584
