#threads,exec_time,speedup
1S,9.124108,1
1,9.104050,1.002203
2,6.833065,1.335287
3,5.205710,1.752711
4,4.494417,2.030098
