#threads,exec_time,speedup
1S,0.030999,1
1,0.031363,.988393
2,0.021285,1.456377
3,0.016482,1.880779
4,0.016266,1.905754
