#threads,exec_time,speedup
1S,171.665617,1
1,167.165412,1.026920
2,87.455262,1.962896
3,59.767313,2.872232
4,46.378690,3.701389
