#threads,exec_time,speedup
1S,1.580985,1
1,1.569336,1.007422
2,0.837633,1.887443
3,0.587854,2.689417
4,0.478390,3.304803
