#threads,exec_time,speedup
1S,0.109420,1
1,0.118467,.923632
2,0.066099,1.655395
3,0.067546,1.619933
4,0.058784,1.861390
